mean_sea_level_pressure,100949.65,1320.6993
10m_u_component_of_wind,-0.023682334,5.5229797
10m_v_component_of_wind,0.19394234,4.709718
2m_temperature,278.25116,21.372223
